<?xml version="2.0" encoding="ISO-8859-1"?>
<head version="2.5">
    <host hostip="localhost" port="8008"></host>
    <debug start="false"/>
    <fileSystem xfs="false"/>
    <filter start="false">
        <exclude expression="^info/*"></exclude>
        <exclude expression="^static/*"></exclude>
    </filter>
    <inotify>
        <delete start="true"/>
        <createFolder start="true"/>
        <createFile start="false"/>
        <closeWrite start="true"/>
        <moveFrom start="true"/>
        <moveTo start="true"/>
        <attrib start="false"/>
        <modify start="false"/>
    </inotify>

    <sersync>
        <localpath watch="/opt/webapps/admin_7001/data/">
            <remote ip="127.0.0.1" name="data"/>
        </localpath>
        <rsync>
            <commonParams params="-artuz"/>
            <auth start="true" users="rsync" passwordfile="/opt/scripts/.rsyncd.passwd"/>
            <userDefinedPort start="true" port="1873"/><!-- port=874 -->
            <timeout start="true" time="100"/><!-- timeout=100 -->
            <ssh start="false"/>
        </rsync>
        <failLog path="/opt/logs/sersync/rsync_fail_log_data.logs" timeToExecute="6"/><!--default every 6mins execute once-->
        <crontab start="false" schedule="600"><!--600mins-->
            <crontabfilter start="false">
                <exclude expression="*.php"></exclude>
                <exclude expression="info/*"></exclude>
            </crontabfilter>
        </crontab>
        <plugin start="false" name="command"/>
    </sersync>

    <plugin name="command">
        <param prefix="/bin/sh" suffix="" ignoreError="true"/>  <!--prefix /opt/tongbu/mmm.sh suffix-->
        <filter start="false">
            <include expression="(.*)\.php"/>
            <include expression="(.*)\.sh"/>
        </filter>
    </plugin>

    <plugin name="socket">
        <localpath watch="/opt/webapps/admin_7001/data">
            <deshost ip="127.0.0.1" port="8119"/>
        </localpath>
    </plugin>
    <plugin name="refreshCDN">
        <localpath watch="/data0/htdocs/cms.xoyo.com/site/">
            <cdninfo domainname="ccms.chinacache.com" port="80" username="xxxx" passwd="xxxx"/>
            <sendurl base="http://pic.xoyo.com/cms"/>
            <regexurl regex="false" match="cms.xoyo.com/site([/a-zA-Z0-9]*).xoyo.com/images"/>
        </localpath>
    </plugin>
</head>

